600,15,0.0001,2,10,50,../data/simulated_trace/
600,0.1,0.0001,2,10,20,../data/simulated_trace/
600,15,0.0001,2,10,10,../data/simulated_trace_test/
300,15,0.0001,2,10,50,../data/simulated_trace/
300,0.1,0.0001,2,10,20,../data/simulated_trace/
300,15,0.0001,2,10,10,../data/simulated_trace_test/
60,15,0.0001,2,10,50,../data/simulated_trace/
60,0.1,0.0001,2,10,20,../data/simulated_trace/
60,15,0.0001,2,10,10,../data/simulated_trace_test/
3600,15,0.0001,2,10,50,../data/simulated_trace/
3600,0.1,0.0001,2,10,20,../data/simulated_trace/
3600,15,0.0001,2,10,10,../data/simulated_trace_test/
7200,15,0.0001,2,10,50,../data/simulated_trace/
7200,0.1,0.0001,2,10,20,../data/simulated_trace/
7200,15,0.0001,2,10,10,../data/simulated_trace_test/
120,15,0.0001,2,10,50,../data/simulated_trace/
120,0.1,0.0001,2,10,20,../data/simulated_trace/
120,15,0.0001,2,10,10,../data/simulated_trace_test/
1800,15,0.0001,2,10,50,../data/simulated_trace/
1800,0.1,0.0001,2,10,20,../data/simulated_trace/
1800,15,0.0001,2,10,10,../data/simulated_trace_test/
900,15,0.0001,2,10,50,../data/simulated_trace/
900,0.1,0.0001,2,10,20,../data/simulated_trace/
900,15,0.0001,2,10,10,../data/simulated_trace_test/
10,15,0.0001,2,10,50,../data/simulated_trace/
10,0.1,0.0001,2,10,20,../data/simulated_trace/
10,15,0.0001,2,10,10,../data/simulated_trace_test/
14400,15,0.0001,2,10,50,../data/simulated_trace/
14400,0.1,0.0001,2,10,20,../data/simulated_trace/
14400,15,0.0001,2,10,10,../data/simulated_trace_test/
1200,15,0.0001,2,10,50,../data/simulated_trace/
1200,0.1,0.0001,2,10,20,../data/simulated_trace/
1200,15,0.0001,2,10,10,../data/simulated_trace_test/
180,15,0.0001,2,10,50,../data/simulated_trace/
180,0.1,0.0001,2,10,20,../data/simulated_trace/
180,15,0.0001,2,10,10,../data/simulated_trace_test/
20,15,0.0001,2,10,50,../data/simulated_trace/
20,0.1,0.0001,2,10,20,../data/simulated_trace/
20,15,0.0001,2,10,10,../data/simulated_trace_test/
18000,15,0.0001,2,10,50,../data/simulated_trace/
18000,0.1,0.0001,2,10,20,../data/simulated_trace/
18000,15,0.0001,2,10,10,../data/simulated_trace_test/
30,15,0.0001,2,10,50,../data/simulated_trace/
30,0.1,0.0001,2,10,20,../data/simulated_trace/
30,15,0.0001,2,10,10,../data/simulated_trace_test/
